Clean_Locality,Price_Per_SqFt,Price_Lakhs,Count
Vatva,2691.79,19.3,27
Hathijan,2738.84,29.25,18
Changodar,2746.57,18.1,11
Narol,2923.98,28.5,43
Naroda,3766.48,42.0,67
Vastral,4024.675,48.5,48
Nikol,4050.93,42.0,47
Zundal,4257.725,77.5,14
Ghuma,4680.0,58.5,27
Ognaj,4753.42,81.0,7
